periode_data,wilayah,kecamatan,kelurahan,jenis_kelamin,jumlah_penduduk,rasio_jenis_kelamin,jumlah_kepadatan
2023,JAKARTA PUSAT,TANAH ABANG,BENDUNGAN HILIR,Laki-Laki,12603,97.84,16088.25
2023,JAKARTA PUSAT,TANAH ABANG,GELORA,Laki-Laki,1833,97.14,1113.74
2023,JAKARTA PUSAT,MENTENG,KEBON SIRIH,Laki-Laki,7490,105.18,17786.26
2023,JAKARTA PUSAT,MENTENG,GONDANGDIA,Laki-Laki,2203,89.48,3184.31
2023,JAKARTA PUSAT,MENTENG,CIKINI,Laki-Laki,5013,101.5,12517.23
2023,JAKARTA PUSAT,MENTENG,PEGANGSAAN,Laki-Laki,14154,102.01,28866.16
2023,JAKARTA PUSAT,MENTENG,MENTENG,Laki-Laki,15279,99.03,12689.3
2023,JAKARTA PUSAT,CEMPAKA PUTIH,RAWASARI,Laki-Laki,13207,98.67,21515.21
2023,JAKARTA PUSAT,CEMPAKA PUTIH,CEMPAKA PUTIH BARAT,Laki-Laki,21793,99.96,34828.99
2023,JAKARTA PUSAT,CEMPAKA PUTIH,CEMPAKA PUTIH TIMUR,Laki-Laki,14006,97.06,13058.61
2023,JAKARTA PUSAT,SENEN,BUNGUR,Laki-Laki,11120,102.96,34733.99
2023,JAKARTA PUSAT,SENEN,KWITANG,Laki-Laki,9388,100.36,42306.51
2023,JAKARTA PUSAT,SENEN,KRAMAT,Laki-Laki,17968,103.47,48967.34
2023,JAKARTA PUSAT,SENEN,PASEBAN,Laki-Laki,14370,99.48,35146.24
2023,JAKARTA PUSAT,SENEN,KENARI,Laki-Laki,5816,103.12,12776.58
2023,JAKARTA PUSAT,SENEN,SENEN,Laki-Laki,4117,104.04,9640.39
2023,JAKARTA PUSAT,KEMAYORAN,UTAN PANJANG,Laki-Laki,18504,103.05,67455.99
2023,JAKARTA PUSAT,KEMAYORAN,SUMUR BATU,Laki-Laki,13920,98.98,24573.27
2023,JAKARTA PUSAT,KEMAYORAN,CEMPAKA BARU,Laki-Laki,20047,99.05,41757.44
2023,JAKARTA PUSAT,KEMAYORAN,GUNUNG SAHARI SELATAN,Laki-Laki,11723,103.09,14196.85
2023,JAKARTA PUSAT,KEMAYORAN,SERDANG,Laki-Laki,18316,99.14,45078.81
2023,JAKARTA PUSAT,KEMAYORAN,HARAPAN MULIA,Laki-Laki,14097,100.61,53334.36
2023,JAKARTA PUSAT,KEMAYORAN,KEBON KOSONG,Laki-Laki,18813,98.77,39407.71
2023,JAKARTA PUSAT,KEMAYORAN,KEMAYORAN,Laki-Laki,12557,100.54,42331.27
2023,JAKARTA PUSAT,SAWAH BESAR,MANGGA DUA SELATAN,Laki-Laki,17254,103.09,26128.94
2023,JAKARTA PUSAT,SAWAH BESAR,GUNUNG SAHARI UTARA,Laki-Laki,9670,95.57,15693.58
2023,JAKARTA PUSAT,SAWAH BESAR,KARTINI,Laki-Laki,12840,95.22,50673.14
2023,JAKARTA PUSAT,SAWAH BESAR,KARANG ANYAR,Laki-Laki,15829,101.53,63137.15
2023,JAKARTA PUSAT,SAWAH BESAR,PASAR BARU,Laki-Laki,7095,95.87,8150.82
2023,JAKARTA PUSAT,GAMBIR,DURI PULO,Laki-Laki,12017,102.21,34971.17
2023,JAKARTA PUSAT,GAMBIR,KEBON KELAPA,Laki-Laki,6011,101.47,15186.84
2023,JAKARTA PUSAT,GAMBIR,PETOJO SELATAN,Laki-Laki,9241,105.15,15833.35
2023,JAKARTA PUSAT,GAMBIR,PETOJO UTARA,Laki-Laki,10512,99.64,18651.99
2023,JAKARTA PUSAT,GAMBIR,CIDENG,Laki-Laki,8763,94.06,14420.59
2023,JAKARTA PUSAT,GAMBIR,GAMBIR,Laki-Laki,1466,100.27,1161.85
2023,KAB.ADM.KEP.SERIBU,KEP. SERIBU SLT,PULAU PARI,Laki-Laki,1938,103.03,2272.67
2023,KAB.ADM.KEP.SERIBU,KEP. SERIBU SLT,PULAU TIDUNG,Laki-Laki,3157,102.77,5976.06
2023,KAB.ADM.KEP.SERIBU,KEP. SERIBU SLT,PULAU UNTUNG JAWA,Laki-Laki,1373,103.86,2081.74
2023,KAB.ADM.KEP.SERIBU,KEP. SERIBU UTR,PULAU HARAPAN,Laki-Laki,1422,101.79,606.6
2023,KAB.ADM.KEP.SERIBU,KEP. SERIBU UTR,PULAU KELAPA,Laki-Laki,3770,100.37,6586.91
2023,JAKARTA TIMUR,MAKASAR,PINANGRANTI,Laki-Laki,17976,99.06,15767.91
2023,JAKARTA TIMUR,MAKASAR,MAKASAR,Laki-Laki,21985,99.66,30184.58
2023,JAKARTA TIMUR,DUREN SAWIT,PONDOK KOPI,Laki-Laki,22901,99.4,20347.0
2023,JAKARTA TIMUR,DUREN SAWIT,MALAKA JAYA,Laki-Laki,18170,94.97,35485.81
2023,JAKARTA TIMUR,DUREN SAWIT,MALAKA SARI,Laki-Laki,16338,94.85,25447.3
2023,JAKARTA TIMUR,DUREN SAWIT,PONDOK KELAPA,Laki-Laki,46690,98.56,16447.95
2023,JAKARTA TIMUR,DUREN SAWIT,KLENDER,Laki-Laki,45248,101.33,29855.06
2023,JAKARTA TIMUR,DUREN SAWIT,PONDOK BAMBU,Laki-Laki,39328,100.21,19329.43
2023,JAKARTA TIMUR,DUREN SAWIT,DUREN SAWIT,Laki-Laki,38486,97.91,16731.39
2023,JAKARTA TIMUR,CAKUNG,CAKUNG BARAT,Laki-Laki,38332,103.32,12285.93
2023,JAKARTA TIMUR,CAKUNG,UJUNG MENTENG,Laki-Laki,20280,100.47,9243.79
2023,JAKARTA TIMUR,CAKUNG,PULO GEBANG,Laki-Laki,64898,100.97,19490.16
2023,JAKARTA TIMUR,CAKUNG,CAKUNG TIMUR,Laki-Laki,39701,102.27,8659.16
2023,JAKARTA TIMUR,CAKUNG,PENGGILINGAN,Laki-Laki,67665,102.41,30292.87
2023,JAKARTA TIMUR,CAKUNG,RAWA TERATE,Laki-Laki,15986,107.17,7503.6
2023,JAKARTA TIMUR,CAKUNG,JATINEGARA,Laki-Laki,55049,104.0,16567.64
2023,JAKARTA TIMUR,PASAR REBO,PEKAYON,Laki-Laki,28540,101.62,19086.07
2023,JAKARTA TIMUR,PASAR REBO,KALISARI,Laki-Laki,28265,100.44,22009.38
2023,JAKARTA TIMUR,PASAR REBO,CIJANTUNG,Laki-Laki,26285,99.27,21883.51
2023,JAKARTA TIMUR,PASAR REBO,BARU,Laki-Laki,15681,103.43,14825.38
2023,JAKARTA TIMUR,PASAR REBO,GEDONG,Laki-Laki,22660,99.6,18525.32
2023,JAKARTA TIMUR,KRAMAT JATI,CAWANG,Laki-Laki,20466,101.32,21558.23
2023,JAKARTA TIMUR,KRAMAT JATI,CILILITAN,Laki-Laki,25845,101.43,28997.92
2023,JAKARTA TIMUR,KRAMAT JATI,BALEKAMBANG,Laki-Laki,19231,100.12,22759.97
2023,JAKARTA TIMUR,KRAMAT JATI,BATU AMPAR,Laki-Laki,31039,99.05,24580.29
2023,JAKARTA TIMUR,KRAMAT JATI,DUKUH,Laki-Laki,15998,100.04,18545.4
2023,JAKARTA TIMUR,KRAMAT JATI,TENGAH,Laki-Laki,29101,101.53,29644.81
2023,JAKARTA TIMUR,KRAMAT JATI,KRAMATJATI,Laki-Laki,21466,100.58,28257.02
2023,JAKARTA TIMUR,JATINEGARA,CIPINANG BESAR UTARA,Laki-Laki,30142,104.6,52116.28
2023,JAKARTA TIMUR,JATINEGARA,CIPINANG BESAR SELATAN,Laki-Laki,22922,101.06,26800.47
2023,JAKARTA TIMUR,JATINEGARA,CIPINANG MUARA,Laki-Laki,34737,100.18,26018.88
2023,JAKARTA TIMUR,JATINEGARA,CIPINANG CEMPEDAK,Laki-Laki,19585,98.72,24582.19
2023,JAKARTA TIMUR,JATINEGARA,RAWA BUNGA,Laki-Laki,13450,100.33,31846.14
2023,JAKARTA TIMUR,JATINEGARA,BALI MESTER,Laki-Laki,5595,98.82,16737.84
2023,JAKARTA TIMUR,JATINEGARA,BIDARA CINA,Laki-Laki,22308,99.25,36009.68
2023,JAKARTA TIMUR,JATINEGARA,KAMPUNG MELAYU,Laki-Laki,16840,104.02,68571.43
2023,JAKARTA TIMUR,PULO GADUNG,JATI,Laki-Laki,19471,95.93,19189.14
2023,JAKARTA TIMUR,PULO GADUNG,KAYU PUTIH,Laki-Laki,24826,98.02,13064.74
2023,JAKARTA TIMUR,PULO GADUNG,RAWAMANGUN,Laki-Laki,22615,96.48,17522.99
2023,JAKARTA TIMUR,PULO GADUNG,JATINEGARA KAUM,Laki-Laki,15950,103.0,24266.62
2023,JAKARTA TIMUR,PULO GADUNG,CIPINANG,Laki-Laki,24091,99.94,32124.22
2023,JAKARTA TIMUR,PULO GADUNG,PISANGAN TIMUR,Laki-Laki,25325,99.89,28099.32
2023,JAKARTA TIMUR,PULO GADUNG,PULO GADUNG,Laki-Laki,21477,100.95,24206.05
2023,JAKARTA TIMUR,MATRAMAN,UTAN KAYU SELATAN,Laki-Laki,20647,99.05,35604.93
2023,JAKARTA TIMUR,MATRAMAN,KEBON MANGGIS,Laki-Laki,10036,101.31,25580.16
2023,JAKARTA TIMUR,MATRAMAN,PALMERIAM,Laki-Laki,11913,97.93,37051.03
2023,JAKARTA TIMUR,MATRAMAN,KAYU MANIS,Laki-Laki,15216,97.05,56583.03
2023,JAKARTA TIMUR,MATRAMAN,UTAN KAYU UTARA,Laki-Laki,17276,99.86,34745.3
2023,JAKARTA TIMUR,MATRAMAN,PISANGAN BARU,Laki-Laki,19811,100.6,54744.52
2023,JAKARTA SELATAN,PESANGGRAHAN,ULUJAMI,Laki-Laki,26253,100.45,25620.68
2023,JAKARTA SELATAN,PESANGGRAHAN,PETUKANGAN SELATAN,Laki-Laki,23596,98.84,22248.76
2023,JAKARTA SELATAN,PESANGGRAHAN,PETUKANGAN UTARA,Laki-Laki,34631,99.2,24777.52
2023,JAKARTA SELATAN,PESANGGRAHAN,BINTARO,Laki-Laki,33707,98.96,14823.25
2023,JAKARTA SELATAN,PESANGGRAHAN,PESANGGRAHAN,Laki-Laki,17684,100.29,18248.13
2023,JAKARTA SELATAN,JAGAKARSA,CIPEDAK,Laki-Laki,25858,98.81,12872.02
2023,JAKARTA UTARA,KOJA,LAGOA,Perempuan,38009,101.16,48610.19
2023,JAKARTA UTARA,KOJA,RAWA BADAK UTARA,Perempuan,21770,102.25,34894.25
2023,JAKARTA UTARA,KOJA,TUGU SELATAN,Perempuan,25679,102.98,28081.05
2023,JAKARTA UTARA,KOJA,RAWA BADAK SELATAN,Perempuan,27172,103.3,27470.66
2023,JAKARTA UTARA,CILINCING,CILINCING,Perempuan,29598,102.67,8242.87
2023,JAKARTA UTARA,CILINCING,SUKAPURA,Perempuan,34356,100.34,11960.89
2023,JAKARTA UTARA,CILINCING,MARUNDA,Perempuan,19878,103.24,4993.19
2023,JAKARTA UTARA,CILINCING,KALIBARU,Perempuan,43657,104.7,18040.78
2023,JAKARTA UTARA,CILINCING,SEMPER TIMUR,Perempuan,23266,101.64,10548.84
2023,JAKARTA UTARA,CILINCING,ROROTAN,Perempuan,29353,102.14,6043.56
2023,JAKARTA UTARA,CILINCING,SEMPER BARAT,Perempuan,44008,101.54,27556.69
2023,JAKARTA UTARA,PADEMANGAN,PADEMANGAN TIMUR,Perempuan,23856,97.54,13480.15
2023,JAKARTA UTARA,PADEMANGAN,PADEMANGAN BARAT,Perempuan,45404,104.43,61202.67
2023,JAKARTA UTARA,PADEMANGAN,ANCOL,Perempuan,14863,105.66,3716.34
2023,JAKARTA UTARA,KELAPA GADING,KELAPA GADING TIMUR,Perempuan,20981,91.75,12843.93
2023,JAKARTA UTARA,KELAPA GADING,PEGANGSAAN DUA,Perempuan,31405,96.28,11122.25
2023,JAKARTA UTARA,KELAPA GADING,KELAPA GADING BARAT,Perempuan,22871,96.0,6199.15
2023,JAKARTA BARAT,CENGKARENG,CENGKARENG BARAT,Perempuan,41849,101.01,21340.58
2023,JAKARTA BARAT,CENGKARENG,DURI KOSAMBI,Perempuan,51654,101.02,19403.94
2023,JAKARTA BARAT,CENGKARENG,RAWA BUAYA,Perempuan,40573,102.52,22116.82
2023,JAKARTA BARAT,CENGKARENG,KEDAUNG KALI ANGKE,Perempuan,20610,103.24,14050.39
2023,JAKARTA BARAT,CENGKARENG,KAPUK,Perempuan,85710,103.4,34013.91
2023,JAKARTA BARAT,CENGKARENG,CENGKARENG TIMUR,Perempuan,52279,101.62,22906.87
2023,JAKARTA BARAT,GROGOL PETAMBURAN,GROGOL,Perempuan,10144,98.28,19951.78
2023,JAKARTA BARAT,GROGOL PETAMBURAN,TANJUNG DUREN UTARA,Perempuan,10400,93.67,15167.72
2023,JAKARTA BARAT,GROGOL PETAMBURAN,TOMANG,Perempuan,17879,98.36,19779.15
2023,JAKARTA BARAT,GROGOL PETAMBURAN,JELAMBAR,Perempuan,18345,95.74,23348.53
2023,JAKARTA BARAT,GROGOL PETAMBURAN,TANJUNG DUREN SELATAN,Perempuan,15755,94.66,22600.78
2023,JAKARTA BARAT,GROGOL PETAMBURAN,JELAMBAR BARU,Perempuan,23540,98.28,31127.28
2023,JAKARTA BARAT,GROGOL PETAMBURAN,WIJAYA KUSUMA,Perempuan,23990,101.73,20974.27
2023,JAKARTA BARAT,TAMAN SARI,TAMAN SARI,Perempuan,8664,96.7,25054.78
2023,JAKARTA BARAT,TAMAN SARI,KRUKUT,Perempuan,11742,101.22,42849.91
2023,JAKARTA BARAT,TAMAN SARI,MAPHAR,Perempuan,9764,98.72,30809.14
2023,JAKARTA BARAT,TAMAN SARI,TANGKI,Perempuan,7843,96.76,40241.9
2023,JAKARTA BARAT,TAMAN SARI,MANGGA BESAR,Perempuan,4462,96.75,16003.12
2023,JAKARTA BARAT,TAMAN SARI,KEAGUNGAN,Perempuan,10405,102.38,59557.0
2023,JAKARTA BARAT,TAMAN SARI,GLODOK,Perempuan,4563,93.36,23926.88
2023,JAKARTA BARAT,TAMAN SARI,PINANGSIA,Perempuan,6164,103.96,12823.69
2023,JAKARTA BARAT,TAMBORA,TAMBORA,Perempuan,6183,99.32,42785.42
2023,JAKARTA BARAT,TAMBORA,KALI ANYAR,Perempuan,14179,106.16,93555.52
2023,JAKARTA BARAT,TAMBORA,DURI UTARA,Perempuan,11811,102.46,64617.38
2023,JAKARTA BARAT,TAMBORA,TANAH SEREAL,Perempuan,15885,99.57,50577.38
2023,JAKARTA BARAT,TAMBORA,KRENDANG,Perempuan,12005,106.06,73954.73
2023,JAKARTA BARAT,TAMBORA,JEMBATAN BESI,Perempuan,17788,105.06,69842.62
2023,JAKARTA BARAT,TAMBORA,ANGKE,Perempuan,17245,103.9,44226.49
2023,JAKARTA BARAT,TAMBORA,JEMBATAN LIMA,Perempuan,12440,104.34,53699.12
2023,JAKARTA BARAT,TAMBORA,PEKOJAN,Perempuan,13955,100.11,35854.93
2023,JAKARTA TIMUR,MAKASAR,KEBON PALA,Perempuan,29140,101.49,25645.11
2023,JAKARTA TIMUR,MAKASAR,HALIM PERDANA KUSUMA,Perempuan,17757,99.85,2742.1
2023,JAKARTA TIMUR,MAKASAR,CIPINANG MELAYU,Perempuan,27224,98.8,21322.61
2023,JAKARTA TIMUR,CIRACAS,CIRACAS,Perempuan,42206,100.78,20965.24
2023,JAKARTA TIMUR,CIRACAS,CIBUBUR,Perempuan,43255,98.65,17378.97
2023,JAKARTA TIMUR,CIRACAS,KELAPA DUA WETAN,Perempuan,30509,98.67,18021.17
2023,JAKARTA TIMUR,CIRACAS,SUSUKAN,Perempuan,24078,102.76,22398.61
2023,JAKARTA TIMUR,CIRACAS,RAMBUTAN,Perempuan,23654,101.71,20601.64
2023,JAKARTA TIMUR,CIPAYUNG,CIPAYUNG,Perempuan,16811,102.87,13795.95
2023,JAKARTA TIMUR,CIPAYUNG,CILANGKAP,Perempuan,18468,100.93,6646.0
2023,JAKARTA TIMUR,CIPAYUNG,PONDOK RANGGON,Perempuan,17431,100.55,7406.06
2023,JAKARTA TIMUR,CIPAYUNG,MUNJUL,Perempuan,15908,100.33,15567.78
2023,JAKARTA TIMUR,CIPAYUNG,SETU,Perempuan,13824,99.87,9738.07
2023,JAKARTA TIMUR,CIPAYUNG,BAMBU APUS,Perempuan,17285,100.38,9812.09
2023,JAKARTA TIMUR,CIPAYUNG,LUBANG BUAYA,Perempuan,41955,99.72,23226.58
2023,JAKARTA TIMUR,CIPAYUNG,CEGER,Perempuan,12054,102.32,8347.72
2023,JAKARTA BARAT,TAMBORA,ROA MALAKA,Perempuan,1926,96.0,7135.03
2023,JAKARTA BARAT,TAMBORA,DURI SELATAN,Perempuan,8634,99.35,44878.59
2023,JAKARTA BARAT,KEBON JERUK,KEBON JERUK,Perempuan,35008,99.72,18966.16
2023,JAKARTA BARAT,KEBON JERUK,SUKABUMI UTARA,Perempuan,24926,99.61,31602.03
2023,JAKARTA BARAT,KEBON JERUK,SUKABUMI SELATAN,Perempuan,23764,101.92,28629.35
2023,JAKARTA BARAT,KEBON JERUK,KELAPA DUA,Perempuan,15049,99.85,21090.21
2023,JAKARTA BARAT,KEBON JERUK,DURI KEPA,Perempuan,37516,98.16,20302.23
2023,JAKARTA BARAT,KEBON JERUK,KEDOYA UTARA,Perempuan,28810,100.52,18088.52
2023,JAKARTA BARAT,KEBON JERUK,KEDOYA SELATAN,Perempuan,20189,100.32,16608.64
2023,JAKARTA BARAT,KALI DERES,KALIDERES,Perempuan,46289,101.96,16571.57
2023,JAKARTA BARAT,KALI DERES,SEMANAN,Perempuan,46172,103.61,17546.13
2023,JAKARTA BARAT,KALI DERES,TEGAL ALUR,Perempuan,54108,101.13,19468.88
2023,JAKARTA BARAT,KALI DERES,KAMAL,Perempuan,35557,103.15,14851.62
2023,JAKARTA BARAT,KALI DERES,PEGADUNGAN,Perempuan,49836,99.57,13221.04
2023,JAKARTA BARAT,PALMERAH,PALMERAH,Perempuan,38949,101.78,35647.75
2023,JAKARTA BARAT,PALMERAH,SLIPI,Perempuan,10194,101.74,21091.13
2023,JAKARTA BARAT,PALMERAH,KOTA BAMBU UTARA,Perempuan,15661,101.85,47454.42
2023,JAKARTA BARAT,PALMERAH,JATIPULO,Perempuan,17685,101.79,42733.22
2023,JAKARTA BARAT,PALMERAH,KEMANGGISAN,Perempuan,19509,100.27,18595.69
2023,JAKARTA BARAT,PALMERAH,KOTA BAMBU SELATAN,Perempuan,13941,102.71,48355.52
2023,JAKARTA BARAT,KEMBANGAN,KEMBANGAN UTARA,Perempuan,34797,101.93,16791.84
2023,JAKARTA BARAT,KEMBANGAN,MERUYA UTARA,Perempuan,28243,99.84,13880.3
2023,JAKARTA BARAT,KEMBANGAN,MERUYA SELATAN,Perempuan,21224,100.03,13178.98
2023,JAKARTA BARAT,KEMBANGAN,SRENGSENG,Perempuan,29593,99.56,12947.51
2023,JAKARTA BARAT,KEMBANGAN,JOGLO,Perempuan,26569,99.02,12075.91
2023,JAKARTA BARAT,KEMBANGAN,KEMBANGAN SELATAN,Perempuan,17420,98.66,7668.32
2023,JAKARTA SELATAN,TEBET,TEBET TIMUR,Perempuan,11117,92.7,16271.5
2023,JAKARTA SELATAN,TEBET,TEBET BARAT,Perempuan,13166,94.29,15578.03
2023,JAKARTA SELATAN,TEBET,MENTENG DALAM,Perempuan,22346,98.95,18350.35
2023,JAKARTA SELATAN,TEBET,KEBON BARU,Perempuan,21671,99.76,34058.75
2023,JAKARTA SELATAN,TEBET,BUKIT DURI,Perempuan,20988,100.61,39257.53
2023,JAKARTA SELATAN,TEBET,MANGGARAI SELATAN,Perempuan,14138,99.21,50483.16
2023,JAKARTA SELATAN,TEBET,MANGGARAI,Perempuan,17640,100.6,33230.72
2023,JAKARTA SELATAN,SETIA BUDI,SETIA BUDI,Perempuan,1756,100.17,5227.45
2023,JAKARTA SELATAN,SETIA BUDI,KARET SEMANGGI,Perempuan,1696,101.12,3772.56
2023,JAKARTA SELATAN,SETIA BUDI,KARET KUNINGAN,Perempuan,9842,99.32,11523.35
2023,JAKARTA SELATAN,SETIA BUDI,KARET,Perempuan,5676,100.63,11487.52
2023,JAKARTA SELATAN,SETIA BUDI,MENTENG ATAS,Perempuan,17115,98.21,32497.99
2023,JAKARTA SELATAN,SETIA BUDI,PASAR MANGGIS,Perempuan,16529,101.66,42834.16
2023,JAKARTA SELATAN,SETIA BUDI,GUNTUR,Perempuan,2330,93.61,6869.92
2023,JAKARTA SELATAN,SETIA BUDI,KUNINGAN TIMUR,Perempuan,3599,100.53,3321.98
2023,JAKARTA SELATAN,MAMPANG PRAPATAN,MAMPANG PRAPATAN,Perempuan,11416,100.69,28600.43
2023,JAKARTA SELATAN,MAMPANG PRAPATAN,BANGKA,Perempuan,13258,101.4,8402.25
2023,JAKARTA SELATAN,MAMPANG PRAPATAN,PELA MAMPANG,Perempuan,26547,100.92,27518.71
2023,JAKARTA SELATAN,MAMPANG PRAPATAN,TEGAL PARANG,Perempuan,20036,101.94,38603.29
2023,JAKARTA SELATAN,MAMPANG PRAPATAN,KUNINGAN BARAT,Perempuan,7767,103.54,16150.41
2023,JAKARTA SELATAN,PASAR MINGGU,PASAR MINGGU,Perempuan,15448,98.49,15837.88
2023,JAKARTA SELATAN,PASAR MINGGU,JATI PADANG,Perempuan,23399,98.26,19357.53
2023,JAKARTA SELATAN,PASAR MINGGU,CILANDAK TIMUR,Perempuan,15026,106.43,8091.88
2023,JAKARTA SELATAN,PASAR MINGGU,RAGUNAN,Perempuan,24653,100.69,10367.1
2023,JAKARTA SELATAN,PASAR MINGGU,PEJATEN TIMUR,Perempuan,36505,100.39,24922.35
2023,JAKARTA SELATAN,PASAR MINGGU,PEJATEN BARAT,Perempuan,23321,98.58,15650.95
2023,JAKARTA SELATAN,PASAR MINGGU,KEBAGUSAN,Perempuan,28961,100.88,20907.55
2023,JAKARTA SELATAN,KEBAYORAN LAMA,KEBAYORAN LAMA UTARA,Perempuan,26636,100.96,23108.78
2023,JAKARTA SELATAN,KEBAYORAN LAMA,PONDOK PINANG,Perempuan,35800,97.47,10412.77
2023,JAKARTA SELATAN,KEBAYORAN LAMA,CIPULIR,Perempuan,25286,99.12,29916.4
2023,JAKARTA SELATAN,KEBAYORAN LAMA,GROGOL UTARA,Perempuan,26302,101.19,16023.8
2023,JAKARTA SELATAN,KEBAYORAN LAMA,GROGOL SELATAN,Perempuan,27413,101.4,19152.3
2023,JAKARTA SELATAN,KEBAYORAN LAMA,KEBAYORAN LAMA SELATAN,Perempuan,25666,99.51,24588.38
2023,JAKARTA SELATAN,CILANDAK,CILANDAK BARAT,Perempuan,31815,97.95,10678.67
2023,JAKARTA SELATAN,CILANDAK,LEBAK BULUS,Perempuan,24041,97.87,10882.64
2023,JAKARTA SELATAN,CILANDAK,PONDOK LABU,Perempuan,29713,97.44,16798.97
2023,JAKARTA SELATAN,CILANDAK,GANDARIA SELATAN,Perempuan,13663,98.27,16941.02
2023,JAKARTA SELATAN,CILANDAK,CIPETE SELATAN,Perempuan,16725,96.71,13787.84
2023,JAKARTA SELATAN,KEBAYORAN BARU,MELAWAI,Perempuan,1542,90.6,2293.45
2023,JAKARTA SELATAN,KEBAYORAN BARU,GUNUNG,Perempuan,5622,98.15,7842.82
2023,JAKARTA SELATAN,KEBAYORAN BARU,KRAMAT PELA,Perempuan,8655,101.21,13929.04
2023,JAKARTA SELATAN,KEBAYORAN BARU,SELONG,Perempuan,1663,92.3,2229.8
2023,JAKARTA SELATAN,KEBAYORAN BARU,RAWA BARAT,Perempuan,3426,93.72,10192.22
2023,JAKARTA SELATAN,KEBAYORAN BARU,SENAYAN,Perempuan,1657,93.48,2244.48
2023,JAKARTA SELATAN,KEBAYORAN BARU,PULO,Perempuan,3510,89.69,6039.09
2023,JAKARTA SELATAN,KEBAYORAN BARU,PETOGOGAN,Perempuan,6956,98.26,16179.25
2023,JAKARTA SELATAN,KEBAYORAN BARU,GANDARIA UTARA,Perempuan,24700,97.87,31112.14
2023,JAKARTA SELATAN,KEBAYORAN BARU,CIPETE UTARA,Perempuan,20904,100.12,24624.99
2023,JAKARTA SELATAN,PANCORAN,PANCORAN,Perempuan,12415,100.39,17777.65
2023,JAKARTA SELATAN,PANCORAN,KALIBATA,Perempuan,26736,99.34,22646.35
2023,JAKARTA SELATAN,PANCORAN,RAWAJATI,Perempuan,13657,97.11,18223.18
2023,JAKARTA SELATAN,PANCORAN,DUREN TIGA,Perempuan,17232,101.27,17340.57
2023,JAKARTA SELATAN,PANCORAN,PENGADEGAN,Perempuan,13655,98.55,27904.32
2023,JAKARTA SELATAN,PANCORAN,CIKOKO,Perempuan,6497,98.72,19356.25
2023,JAKARTA SELATAN,JAGAKARSA,JAGAKARSA,Perempuan,41209,99.73,16205.74
2023,JAKARTA SELATAN,JAGAKARSA,SRENGSENG SAWAH,Perempuan,37742,101.51,13649.09
2023,JAKARTA SELATAN,JAGAKARSA,CIGANJUR,Perempuan,25952,99.01,14182.84
2023,JAKARTA SELATAN,JAGAKARSA,LENTENG AGUNG,Perempuan,34685,100.93,22108.43
2023,JAKARTA SELATAN,JAGAKARSA,TANJUNG BARAT,Perempuan,25790,99.86,14408.66
2023,JAKARTA SELATAN,JAGAKARSA,CIPEDAK,Perempuan,26170,98.81,12872.02
2023,JAKARTA SELATAN,PESANGGRAHAN,PESANGGRAHAN,Perempuan,17633,100.29,18248.13
2023,JAKARTA SELATAN,PESANGGRAHAN,BINTARO,Perempuan,34061,98.96,14823.25
2023,JAKARTA SELATAN,PESANGGRAHAN,PETUKANGAN UTARA,Perempuan,34911,99.2,24777.52
2023,JAKARTA SELATAN,PESANGGRAHAN,PETUKANGAN SELATAN,Perempuan,23872,98.84,22248.76
2023,JAKARTA SELATAN,PESANGGRAHAN,ULUJAMI,Perempuan,26135,100.45,25620.68
2023,JAKARTA TIMUR,MATRAMAN,PISANGAN BARU,Perempuan,19693,100.6,54744.52
2023,JAKARTA TIMUR,MATRAMAN,UTAN KAYU UTARA,Perempuan,17301,99.86,34745.3
2023,JAKARTA TIMUR,CAKUNG,PENGGILINGAN,Perempuan,66074,102.41,30292.87
2023,JAKARTA TIMUR,CAKUNG,CAKUNG TIMUR,Perempuan,38820,102.27,8659.16
2023,JAKARTA TIMUR,CAKUNG,PULO GEBANG,Perempuan,64274,100.97,19490.16
2023,JAKARTA TIMUR,CAKUNG,UJUNG MENTENG,Perempuan,20186,100.47,9243.79
2023,JAKARTA TIMUR,CAKUNG,CAKUNG BARAT,Perempuan,37101,103.32,12285.93
2023,JAKARTA TIMUR,DUREN SAWIT,DUREN SAWIT,Perempuan,39308,97.91,16731.39
2023,JAKARTA TIMUR,DUREN SAWIT,PONDOK BAMBU,Perempuan,39245,100.21,19329.43
2023,JAKARTA TIMUR,DUREN SAWIT,KLENDER,Perempuan,44652,101.33,29855.06
2023,JAKARTA TIMUR,DUREN SAWIT,PONDOK KELAPA,Perempuan,47371,98.56,16447.95
2023,JAKARTA TIMUR,DUREN SAWIT,MALAKA SARI,Perempuan,17226,94.85,25447.3
2023,JAKARTA TIMUR,DUREN SAWIT,MALAKA JAYA,Perempuan,19132,94.97,35485.81
2023,JAKARTA TIMUR,DUREN SAWIT,PONDOK KOPI,Perempuan,23039,99.4,20347.0
2023,JAKARTA TIMUR,MAKASAR,MAKASAR,Perempuan,22060,99.66,30184.58
2023,JAKARTA TIMUR,MAKASAR,PINANGRANTI,Perempuan,18146,99.06,15767.91
2023,JAKARTA TIMUR,MATRAMAN,KAYU MANIS,Perempuan,15679,97.05,56583.03
2023,JAKARTA TIMUR,MATRAMAN,PALMERIAM,Perempuan,12165,97.93,37051.03
2023,JAKARTA TIMUR,MATRAMAN,KEBON MANGGIS,Perempuan,9906,101.31,25580.16
2023,JAKARTA TIMUR,MATRAMAN,UTAN KAYU SELATAN,Perempuan,20846,99.05,35604.93
2023,JAKARTA TIMUR,PULO GADUNG,PULO GADUNG,Perempuan,21274,100.95,24206.05
2023,JAKARTA TIMUR,PULO GADUNG,PISANGAN TIMUR,Perempuan,25353,99.89,28099.32
2023,JAKARTA TIMUR,PULO GADUNG,CIPINANG,Perempuan,24105,99.94,32124.22
2023,JAKARTA TIMUR,PULO GADUNG,JATINEGARA KAUM,Perempuan,15485,103.0,24266.62
2023,JAKARTA TIMUR,PULO GADUNG,RAWAMANGUN,Perempuan,23440,96.48,17522.99
2023,JAKARTA TIMUR,PULO GADUNG,KAYU PUTIH,Perempuan,25328,98.02,13064.74
2023,JAKARTA TIMUR,PULO GADUNG,JATI,Perempuan,20297,95.93,19189.14
2023,JAKARTA TIMUR,JATINEGARA,KAMPUNG MELAYU,Perempuan,16189,104.02,68571.43
2023,JAKARTA TIMUR,JATINEGARA,BIDARA CINA,Perempuan,22476,99.25,36009.68
2023,JAKARTA TIMUR,JATINEGARA,BALI MESTER,Perempuan,5662,98.82,16737.84
2023,JAKARTA TIMUR,JATINEGARA,RAWA BUNGA,Perempuan,13406,100.33,31846.14
2023,JAKARTA TIMUR,JATINEGARA,CIPINANG CEMPEDAK,Perempuan,19839,98.72,24582.19
2023,JAKARTA TIMUR,JATINEGARA,CIPINANG MUARA,Perempuan,34675,100.18,26018.88
2023,JAKARTA TIMUR,JATINEGARA,CIPINANG BESAR SELATAN,Perempuan,22682,101.06,26800.47
2023,JAKARTA TIMUR,JATINEGARA,CIPINANG BESAR UTARA,Perempuan,28817,104.6,52116.28
2023,JAKARTA TIMUR,KRAMAT JATI,KRAMATJATI,Perempuan,21343,100.58,28257.02
2023,JAKARTA TIMUR,KRAMAT JATI,TENGAH,Perempuan,28663,101.53,29644.81
2023,JAKARTA TIMUR,KRAMAT JATI,DUKUH,Perempuan,15992,100.04,18545.4
2023,JAKARTA TIMUR,KRAMAT JATI,BATU AMPAR,Perempuan,31336,99.05,24580.29
2023,JAKARTA TIMUR,KRAMAT JATI,BALEKAMBANG,Perempuan,19208,100.12,22759.97
2023,JAKARTA TIMUR,KRAMAT JATI,CILILITAN,Perempuan,25481,101.43,28997.92
2023,JAKARTA TIMUR,KRAMAT JATI,CAWANG,Perempuan,20199,101.32,21558.23
2023,JAKARTA TIMUR,PASAR REBO,GEDONG,Perempuan,22750,99.6,18525.32
2023,JAKARTA TIMUR,PASAR REBO,BARU,Perempuan,15161,103.43,14825.38
2023,JAKARTA TIMUR,PASAR REBO,CIJANTUNG,Perempuan,26478,99.27,21883.51
2023,JAKARTA TIMUR,PASAR REBO,KALISARI,Perempuan,28141,100.44,22009.38
2023,JAKARTA TIMUR,PASAR REBO,PEKAYON,Perempuan,28084,101.62,19086.07
2023,JAKARTA TIMUR,CAKUNG,JATINEGARA,Perempuan,52930,104.0,16567.64
2023,JAKARTA TIMUR,CAKUNG,RAWA TERATE,Perempuan,14917,107.17,7503.6
2023,JAKARTA SELATAN,JAGAKARSA,TANJUNG BARAT,Laki-Laki,25755,99.86,14408.66
2023,JAKARTA SELATAN,JAGAKARSA,LENTENG AGUNG,Laki-Laki,35009,100.93,22108.43
2023,JAKARTA SELATAN,JAGAKARSA,CIGANJUR,Laki-Laki,25696,99.01,14182.84
2023,JAKARTA SELATAN,JAGAKARSA,SRENGSENG SAWAH,Laki-Laki,38313,101.51,13649.09
2023,JAKARTA SELATAN,JAGAKARSA,JAGAKARSA,Laki-Laki,41096,99.73,16205.74
2023,JAKARTA SELATAN,PANCORAN,CIKOKO,Laki-Laki,6414,98.72,19356.25
2023,JAKARTA SELATAN,PANCORAN,PENGADEGAN,Laki-Laki,13457,98.55,27904.32
2023,JAKARTA SELATAN,PANCORAN,DUREN TIGA,Laki-Laki,17451,101.27,17340.57
2023,JAKARTA SELATAN,PANCORAN,RAWAJATI,Laki-Laki,13262,97.11,18223.18
2023,JAKARTA SELATAN,PANCORAN,KALIBATA,Laki-Laki,26559,99.34,22646.35
2023,JAKARTA SELATAN,PANCORAN,PANCORAN,Laki-Laki,12463,100.39,17777.65
2023,JAKARTA SELATAN,KEBAYORAN BARU,CIPETE UTARA,Laki-Laki,20930,100.12,24624.99
2023,JAKARTA SELATAN,KEBAYORAN BARU,GANDARIA UTARA,Laki-Laki,24175,97.87,31112.14
2023,JAKARTA SELATAN,KEBAYORAN BARU,PETOGOGAN,Laki-Laki,6835,98.26,16179.25
2023,JAKARTA SELATAN,KEBAYORAN BARU,PULO,Laki-Laki,3148,89.69,6039.09
2023,JAKARTA SELATAN,KEBAYORAN BARU,SENAYAN,Laki-Laki,1549,93.48,2244.48
2023,JAKARTA SELATAN,KEBAYORAN BARU,RAWA BARAT,Laki-Laki,3211,93.72,10192.22
2023,JAKARTA SELATAN,KEBAYORAN BARU,SELONG,Laki-Laki,1535,92.3,2229.8
2023,JAKARTA SELATAN,KEBAYORAN BARU,KRAMAT PELA,Laki-Laki,8760,101.21,13929.04
2023,JAKARTA SELATAN,KEBAYORAN BARU,GUNUNG,Laki-Laki,5518,98.15,7842.82
2023,JAKARTA SELATAN,KEBAYORAN BARU,MELAWAI,Laki-Laki,1397,90.6,2293.45
2023,JAKARTA SELATAN,CILANDAK,CIPETE SELATAN,Laki-Laki,16174,96.71,13787.84
2023,JAKARTA SELATAN,CILANDAK,GANDARIA SELATAN,Laki-Laki,13426,98.27,16941.02
2023,JAKARTA SELATAN,CILANDAK,PONDOK LABU,Laki-Laki,28951,97.44,16798.97
2023,JAKARTA SELATAN,CILANDAK,LEBAK BULUS,Laki-Laki,23529,97.87,10882.64
2023,JAKARTA SELATAN,CILANDAK,CILANDAK BARAT,Laki-Laki,31164,97.95,10678.67
2023,JAKARTA SELATAN,KEBAYORAN LAMA,KEBAYORAN LAMA SELATAN,Laki-Laki,25540,99.51,24588.38
2023,JAKARTA SELATAN,KEBAYORAN LAMA,GROGOL SELATAN,Laki-Laki,27796,101.4,19152.3
2023,JAKARTA SELATAN,KEBAYORAN LAMA,GROGOL UTARA,Laki-Laki,26615,101.19,16023.8
2023,JAKARTA SELATAN,KEBAYORAN LAMA,CIPULIR,Laki-Laki,25063,99.12,29916.4
2023,JAKARTA SELATAN,KEBAYORAN LAMA,PONDOK PINANG,Laki-Laki,34895,97.47,10412.77
2023,JAKARTA SELATAN,KEBAYORAN LAMA,KEBAYORAN LAMA UTARA,Laki-Laki,26892,100.96,23108.78
2023,JAKARTA SELATAN,PASAR MINGGU,KEBAGUSAN,Laki-Laki,29217,100.88,20907.55
2023,JAKARTA SELATAN,PASAR MINGGU,PEJATEN BARAT,Laki-Laki,22990,98.58,15650.95
2023,JAKARTA SELATAN,PASAR MINGGU,PEJATEN TIMUR,Laki-Laki,36647,100.39,24922.35
2023,JAKARTA SELATAN,PASAR MINGGU,RAGUNAN,Laki-Laki,24823,100.69,10367.1
2023,JAKARTA SELATAN,PASAR MINGGU,CILANDAK TIMUR,Laki-Laki,15992,106.43,8091.88
2023,JAKARTA SELATAN,PASAR MINGGU,JATI PADANG,Laki-Laki,22993,98.26,19357.53
2023,JAKARTA SELATAN,PASAR MINGGU,PASAR MINGGU,Laki-Laki,15214,98.49,15837.88
2023,JAKARTA SELATAN,MAMPANG PRAPATAN,KUNINGAN BARAT,Laki-Laki,8042,103.54,16150.41
2023,JAKARTA SELATAN,MAMPANG PRAPATAN,TEGAL PARANG,Laki-Laki,20425,101.94,38603.29
2023,JAKARTA SELATAN,MAMPANG PRAPATAN,PELA MAMPANG,Laki-Laki,26792,100.92,27518.71
2023,JAKARTA SELATAN,MAMPANG PRAPATAN,BANGKA,Laki-Laki,13444,101.4,8402.25
2023,JAKARTA SELATAN,MAMPANG PRAPATAN,MAMPANG PRAPATAN,Laki-Laki,11495,100.69,28600.43
2023,JAKARTA SELATAN,SETIA BUDI,KUNINGAN TIMUR,Laki-Laki,3618,100.53,3321.98
2023,JAKARTA SELATAN,SETIA BUDI,GUNTUR,Laki-Laki,2181,93.61,6869.92
2023,JAKARTA SELATAN,SETIA BUDI,PASAR MANGGIS,Laki-Laki,16803,101.66,42834.16
2023,JAKARTA SELATAN,SETIA BUDI,MENTENG ATAS,Laki-Laki,16809,98.21,32497.99
2023,JAKARTA SELATAN,SETIA BUDI,KARET,Laki-Laki,5712,100.63,11487.52
2023,JAKARTA SELATAN,SETIA BUDI,KARET KUNINGAN,Laki-Laki,9775,99.32,11523.35
2023,JAKARTA SELATAN,SETIA BUDI,KARET SEMANGGI,Laki-Laki,1715,101.12,3772.56
2023,JAKARTA SELATAN,SETIA BUDI,SETIA BUDI,Laki-Laki,1759,100.17,5227.45
2023,JAKARTA SELATAN,TEBET,MANGGARAI,Laki-Laki,17746,100.6,33230.72
2023,JAKARTA SELATAN,TEBET,MANGGARAI SELATAN,Laki-Laki,14026,99.21,50483.16
2023,JAKARTA SELATAN,TEBET,BUKIT DURI,Laki-Laki,21116,100.61,39257.53
2023,JAKARTA SELATAN,TEBET,KEBON BARU,Laki-Laki,21618,99.76,34058.75
2023,JAKARTA SELATAN,TEBET,MENTENG DALAM,Laki-Laki,22111,98.95,18350.35
2023,JAKARTA SELATAN,TEBET,TEBET BARAT,Laki-Laki,12414,94.29,15578.03
2023,JAKARTA SELATAN,TEBET,TEBET TIMUR,Laki-Laki,10305,92.7,16271.5
2023,JAKARTA BARAT,KEMBANGAN,KEMBANGAN SELATAN,Laki-Laki,17186,98.66,7668.32
2023,JAKARTA BARAT,KEMBANGAN,JOGLO,Laki-Laki,26308,99.02,12075.91
2023,JAKARTA BARAT,KEMBANGAN,SRENGSENG,Laki-Laki,29464,99.56,12947.51
2023,JAKARTA TIMUR,MAKASAR,KEBON PALA,Laki-Laki,29573,101.49,25645.11
2023,JAKARTA TIMUR,MAKASAR,HALIM PERDANA KUSUMA,Laki-Laki,17731,99.85,2742.1
2023,JAKARTA TIMUR,MAKASAR,CIPINANG MELAYU,Laki-Laki,26896,98.8,21322.61
2023,JAKARTA TIMUR,CIRACAS,CIRACAS,Laki-Laki,42534,100.78,20965.24
2023,JAKARTA TIMUR,CIRACAS,CIBUBUR,Laki-Laki,42671,98.65,17378.97
2023,JAKARTA TIMUR,CIRACAS,KELAPA DUA WETAN,Laki-Laki,30104,98.67,18021.17
2023,JAKARTA TIMUR,CIRACAS,SUSUKAN,Laki-Laki,24743,102.76,22398.61
2023,JAKARTA TIMUR,CIRACAS,RAMBUTAN,Laki-Laki,24059,101.71,20601.64
2023,JAKARTA TIMUR,CIPAYUNG,CIPAYUNG,Laki-Laki,17294,102.87,13795.95
2023,JAKARTA TIMUR,CIPAYUNG,CILANGKAP,Laki-Laki,18639,100.93,6646.0
2023,JAKARTA TIMUR,CIPAYUNG,PONDOK RANGGON,Laki-Laki,17526,100.55,7406.06
2023,JAKARTA TIMUR,CIPAYUNG,MUNJUL,Laki-Laki,15960,100.33,15567.78
2023,JAKARTA TIMUR,CIPAYUNG,SETU,Laki-Laki,13806,99.87,9738.07
2023,JAKARTA TIMUR,CIPAYUNG,BAMBU APUS,Laki-Laki,17350,100.38,9812.09
2023,JAKARTA TIMUR,CIPAYUNG,LUBANG BUAYA,Laki-Laki,41839,99.72,23226.58
2023,JAKARTA TIMUR,CIPAYUNG,CEGER,Laki-Laki,12334,102.32,8347.72
2023,KAB.ADM.KEP.SERIBU,KEP. SERIBU UTR,PULAU PANGGANG,Perempuan,3581,104.8,7988.72
2023,KAB.ADM.KEP.SERIBU,KEP. SERIBU UTR,PULAU KELAPA,Perempuan,3756,100.37,6586.91
2023,KAB.ADM.KEP.SERIBU,KEP. SERIBU UTR,PULAU HARAPAN,Perempuan,1397,101.79,606.6
2023,KAB.ADM.KEP.SERIBU,KEP. SERIBU SLT,PULAU UNTUNG JAWA,Perempuan,1322,103.86,2081.74
2023,KAB.ADM.KEP.SERIBU,KEP. SERIBU SLT,PULAU TIDUNG,Perempuan,3072,102.77,5976.06
2023,KAB.ADM.KEP.SERIBU,KEP. SERIBU SLT,PULAU PARI,Perempuan,1881,103.03,2272.67
2023,JAKARTA PUSAT,GAMBIR,GAMBIR,Perempuan,1462,100.27,1161.85
2023,JAKARTA PUSAT,GAMBIR,CIDENG,Perempuan,9316,94.06,14420.59
2023,JAKARTA PUSAT,GAMBIR,PETOJO UTARA,Perempuan,10550,99.64,18651.99
2023,JAKARTA PUSAT,GAMBIR,PETOJO SELATAN,Perempuan,8788,105.15,15833.35
2023,JAKARTA PUSAT,GAMBIR,KEBON KELAPA,Perempuan,5924,101.47,15186.84
2023,JAKARTA PUSAT,GAMBIR,DURI PULO,Perempuan,11757,102.21,34971.17
2023,JAKARTA PUSAT,SAWAH BESAR,PASAR BARU,Perempuan,7401,95.87,8150.82
2023,JAKARTA PUSAT,SAWAH BESAR,KARANG ANYAR,Perempuan,15590,101.53,63137.15
2023,JAKARTA PUSAT,SAWAH BESAR,KARTINI,Perempuan,13485,95.22,50673.14
2023,JAKARTA PUSAT,SAWAH BESAR,GUNUNG SAHARI UTARA,Perempuan,10118,95.57,15693.58
2023,JAKARTA PUSAT,SAWAH BESAR,MANGGA DUA SELATAN,Perempuan,16737,103.09,26128.94
2023,JAKARTA PUSAT,KEMAYORAN,KEMAYORAN,Perempuan,12489,100.54,42331.27
2023,JAKARTA PUSAT,KEMAYORAN,KEBON KOSONG,Perempuan,19047,98.77,39407.71
2023,JAKARTA PUSAT,KEMAYORAN,HARAPAN MULIA,Perempuan,14011,100.61,53334.36
2023,JAKARTA PUSAT,KEMAYORAN,SERDANG,Perempuan,18475,99.14,45078.81
2023,JAKARTA PUSAT,KEMAYORAN,GUNUNG SAHARI SELATAN,Perempuan,11372,103.09,14196.85
2023,JAKARTA PUSAT,KEMAYORAN,CEMPAKA BARU,Perempuan,20240,99.05,41757.44
2023,JAKARTA PUSAT,KEMAYORAN,SUMUR BATU,Perempuan,14064,98.98,24573.27
2023,JAKARTA PUSAT,KEMAYORAN,UTAN PANJANG,Perempuan,17957,103.05,67455.99
2023,JAKARTA PUSAT,SENEN,SENEN,Perempuan,3957,104.04,9640.39
2023,JAKARTA PUSAT,SENEN,KENARI,Perempuan,5640,103.12,12776.58
2023,JAKARTA PUSAT,SENEN,PASEBAN,Perempuan,14445,99.48,35146.24
2023,JAKARTA PUSAT,SENEN,KRAMAT,Perempuan,17366,103.47,48967.34
2023,JAKARTA PUSAT,SENEN,KWITANG,Perempuan,9354,100.36,42306.51
2023,JAKARTA PUSAT,SENEN,BUNGUR,Perempuan,10800,102.96,34733.99
2023,JAKARTA PUSAT,CEMPAKA PUTIH,CEMPAKA PUTIH TIMUR,Perempuan,14430,97.06,13058.61
2023,JAKARTA PUSAT,CEMPAKA PUTIH,CEMPAKA PUTIH BARAT,Perempuan,21801,99.96,34828.99
2023,JAKARTA PUSAT,CEMPAKA PUTIH,RAWASARI,Perempuan,13385,98.67,21515.21
2023,JAKARTA PUSAT,MENTENG,MENTENG,Perempuan,15428,99.03,12689.3
2023,JAKARTA PUSAT,MENTENG,PEGANGSAAN,Perempuan,13875,102.01,28866.16
2023,JAKARTA PUSAT,MENTENG,CIKINI,Perempuan,4939,101.5,12517.23
2023,JAKARTA PUSAT,MENTENG,GONDANGDIA,Perempuan,2462,89.48,3184.31
2023,JAKARTA PUSAT,MENTENG,KEBON SIRIH,Perempuan,7121,105.18,17786.26
2023,JAKARTA PUSAT,TANAH ABANG,GELORA,Perempuan,1887,97.14,1113.74
2023,JAKARTA PUSAT,TANAH ABANG,BENDUNGAN HILIR,Perempuan,12881,97.84,16088.25
2023,JAKARTA PUSAT,TANAH ABANG,KARET TENGSIN,Perempuan,11850,101.72,15651.49
2023,JAKARTA PUSAT,TANAH ABANG,PETAMBURAN,Perempuan,20135,104.05,46677.87
2023,JAKARTA PUSAT,TANAH ABANG,KEBON MELATI,Perempuan,19564,102.61,31355.19
2023,JAKARTA PUSAT,TANAH ABANG,KEBON KACANG,Perempuan,13041,99.99,36010.17
2023,JAKARTA PUSAT,TANAH ABANG,KAMPUNG BALI,Perempuan,6673,99.09,18300.37
2023,JAKARTA PUSAT,JOHAR BARU,JOHAR BARU,Perempuan,22656,98.96,38547.89
2023,JAKARTA PUSAT,JOHAR BARU,KAMPUNG RAWA,Perempuan,13043,102.62,87159.42
2023,JAKARTA PUSAT,JOHAR BARU,GALUR,Perempuan,10739,105.38,82668.94
2023,JAKARTA PUSAT,JOHAR BARU,TANAH TINGGI,Perempuan,23107,103.0,74664.73
2023,JAKARTA UTARA,PENJARINGAN,PENJARINGAN,Perempuan,55916,105.67,25404.2
2023,JAKARTA UTARA,PENJARINGAN,KAMAL MUARA,Perempuan,9161,100.65,1179.4
2023,JAKARTA UTARA,PENJARINGAN,KAPUK MUARA,Perempuan,23666,100.87,5180.76
2023,JAKARTA UTARA,PENJARINGAN,PEJAGALAN,Perempuan,45380,100.08,24678.31
2023,JAKARTA UTARA,PENJARINGAN,PLUIT,Perempuan,30471,95.57,8158.22
2023,JAKARTA UTARA,TANJUNG PRIOK,TANJUNG PRIOK,Perempuan,21377,102.23,11223.69
2023,JAKARTA UTARA,TANJUNG PRIOK,SUNTER JAYA,Perempuan,40058,100.78,15658.27
2023,JAKARTA UTARA,TANJUNG PRIOK,PAPANGGO,Perempuan,24969,101.63,16384.54
2023,JAKARTA UTARA,TANJUNG PRIOK,SUNGAI BAMBU,Perempuan,18410,102.88,15705.61
2023,JAKARTA UTARA,TANJUNG PRIOK,KEBON BAWANG,Perempuan,31324,102.19,36900.18
2023,JAKARTA UTARA,TANJUNG PRIOK,SUNTER AGUNG,Perempuan,44678,97.69,16802.85
2023,JAKARTA UTARA,TANJUNG PRIOK,WARAKAS,Perempuan,28091,102.13,52438.1
2023,JAKARTA UTARA,KOJA,KOJA,Perempuan,17060,106.49,13704.38
2023,JAKARTA UTARA,KOJA,TUGU UTARA,Perempuan,43884,100.94,36951.74
2023,KAB.ADM.KEP.SERIBU,KEP. SERIBU UTR,PULAU PANGGANG,Laki-Laki,3753,104.8,7988.72
2023,JAKARTA BARAT,KEMBANGAN,MERUYA SELATAN,Laki-Laki,21231,100.03,13178.98
2023,JAKARTA BARAT,KEMBANGAN,MERUYA UTARA,Laki-Laki,28197,99.84,13880.3
2023,JAKARTA BARAT,KEMBANGAN,KEMBANGAN UTARA,Laki-Laki,35470,101.93,16791.84
2023,JAKARTA BARAT,PALMERAH,KOTA BAMBU SELATAN,Laki-Laki,14319,102.71,48355.52
2023,JAKARTA BARAT,PALMERAH,KEMANGGISAN,Laki-Laki,19562,100.27,18595.69
2023,JAKARTA BARAT,PALMERAH,JATIPULO,Laki-Laki,18001,101.79,42733.22
2023,JAKARTA BARAT,PALMERAH,KOTA BAMBU UTARA,Laki-Laki,15950,101.85,47454.42
2023,JAKARTA BARAT,PALMERAH,SLIPI,Laki-Laki,10371,101.74,21091.13
2023,JAKARTA BARAT,PALMERAH,PALMERAH,Laki-Laki,39644,101.78,35647.75
2023,JAKARTA BARAT,KALI DERES,PEGADUNGAN,Laki-Laki,49621,99.57,13221.04
2023,JAKARTA BARAT,KALI DERES,KAMAL,Laki-Laki,36678,103.15,14851.62
2023,JAKARTA BARAT,KALI DERES,TEGAL ALUR,Laki-Laki,54721,101.13,19468.88
2023,JAKARTA BARAT,KALI DERES,SEMANAN,Laki-Laki,47839,103.61,17546.13
2023,JAKARTA BARAT,KALI DERES,KALIDERES,Laki-Laki,47196,101.96,16571.57
2023,JAKARTA BARAT,KEBON JERUK,KEDOYA SELATAN,Laki-Laki,20253,100.32,16608.64
2023,JAKARTA BARAT,KEBON JERUK,KEDOYA UTARA,Laki-Laki,28959,100.52,18088.52
2023,JAKARTA BARAT,KEBON JERUK,DURI KEPA,Laki-Laki,36824,98.16,20302.23
2023,JAKARTA BARAT,KEBON JERUK,KELAPA DUA,Laki-Laki,15026,99.85,21090.21
2023,JAKARTA BARAT,KEBON JERUK,SUKABUMI SELATAN,Laki-Laki,24220,101.92,28629.35
2023,JAKARTA BARAT,KEBON JERUK,SUKABUMI UTARA,Laki-Laki,24828,99.61,31602.03
2023,JAKARTA BARAT,KEBON JERUK,KEBON JERUK,Laki-Laki,34910,99.72,18966.16
2023,JAKARTA BARAT,TAMBORA,DURI SELATAN,Laki-Laki,8578,99.35,44878.59
2023,JAKARTA BARAT,TAMBORA,ROA MALAKA,Laki-Laki,1849,96.0,7135.03
2023,JAKARTA BARAT,TAMBORA,PEKOJAN,Laki-Laki,13971,100.11,35854.93
2023,JAKARTA BARAT,TAMBORA,JEMBATAN LIMA,Laki-Laki,12980,104.34,53699.12
2023,JAKARTA BARAT,TAMBORA,ANGKE,Laki-Laki,17918,103.9,44226.49
2023,JAKARTA BARAT,TAMBORA,JEMBATAN BESI,Laki-Laki,18688,105.06,69842.62
2023,JAKARTA BARAT,TAMBORA,KRENDANG,Laki-Laki,12732,106.06,73954.73
2023,JAKARTA BARAT,TAMBORA,TANAH SEREAL,Laki-Laki,15816,99.57,50577.38
2023,JAKARTA BARAT,TAMBORA,DURI UTARA,Laki-Laki,12101,102.46,64617.38
2023,JAKARTA BARAT,TAMBORA,KALI ANYAR,Laki-Laki,15052,106.16,93555.52
2023,JAKARTA BARAT,TAMBORA,TAMBORA,Laki-Laki,6141,99.32,42785.42
2023,JAKARTA BARAT,TAMAN SARI,PINANGSIA,Laki-Laki,6408,103.96,12823.69
2023,JAKARTA BARAT,TAMAN SARI,GLODOK,Laki-Laki,4260,93.36,23926.88
2023,JAKARTA BARAT,TAMAN SARI,KEAGUNGAN,Laki-Laki,10653,102.38,59557.0
2023,JAKARTA BARAT,TAMAN SARI,MANGGA BESAR,Laki-Laki,4317,96.75,16003.12
2023,JAKARTA BARAT,TAMAN SARI,TANGKI,Laki-Laki,7589,96.76,40241.9
2023,JAKARTA BARAT,TAMAN SARI,MAPHAR,Laki-Laki,9639,98.72,30809.14
2023,JAKARTA BARAT,TAMAN SARI,KRUKUT,Laki-Laki,11885,101.22,42849.91
2023,JAKARTA BARAT,TAMAN SARI,TAMAN SARI,Laki-Laki,8378,96.7,25054.78
2023,JAKARTA BARAT,GROGOL PETAMBURAN,WIJAYA KUSUMA,Laki-Laki,24404,101.73,20974.27
2023,JAKARTA BARAT,GROGOL PETAMBURAN,JELAMBAR BARU,Laki-Laki,23135,98.28,31127.28
2023,JAKARTA BARAT,GROGOL PETAMBURAN,TANJUNG DUREN SELATAN,Laki-Laki,14914,94.66,22600.78
2023,JAKARTA BARAT,GROGOL PETAMBURAN,JELAMBAR,Laki-Laki,17564,95.74,23348.53
2023,JAKARTA BARAT,GROGOL PETAMBURAN,TOMANG,Laki-Laki,17585,98.36,19779.15
2023,JAKARTA BARAT,GROGOL PETAMBURAN,TANJUNG DUREN UTARA,Laki-Laki,9742,93.67,15167.72
2023,JAKARTA BARAT,GROGOL PETAMBURAN,GROGOL,Laki-Laki,9970,98.28,19951.78
2023,JAKARTA BARAT,CENGKARENG,CENGKARENG TIMUR,Laki-Laki,53126,101.62,22906.87
2023,JAKARTA BARAT,CENGKARENG,KAPUK,Laki-Laki,88624,103.4,34013.91
2023,JAKARTA BARAT,CENGKARENG,KEDAUNG KALI ANGKE,Laki-Laki,21277,103.24,14050.39
2023,JAKARTA BARAT,CENGKARENG,RAWA BUAYA,Laki-Laki,41594,102.52,22116.82
2023,JAKARTA BARAT,CENGKARENG,DURI KOSAMBI,Laki-Laki,52182,101.02,19403.94
2023,JAKARTA BARAT,CENGKARENG,CENGKARENG BARAT,Laki-Laki,42270,101.01,21340.58
2023,JAKARTA UTARA,KELAPA GADING,KELAPA GADING BARAT,Laki-Laki,21956,96.0,6199.15
2023,JAKARTA UTARA,KELAPA GADING,PEGANGSAAN DUA,Laki-Laki,30237,96.28,11122.25
2023,JAKARTA UTARA,KELAPA GADING,KELAPA GADING TIMUR,Laki-Laki,19251,91.75,12843.93
2023,JAKARTA UTARA,PADEMANGAN,ANCOL,Laki-Laki,15704,105.66,3716.34
2023,JAKARTA UTARA,PADEMANGAN,PADEMANGAN BARAT,Laki-Laki,47416,104.43,61202.67
2023,JAKARTA UTARA,PADEMANGAN,PADEMANGAN TIMUR,Laki-Laki,23269,97.54,13480.15
2023,JAKARTA UTARA,CILINCING,SEMPER BARAT,Laki-Laki,44685,101.54,27556.69
2023,JAKARTA UTARA,CILINCING,ROROTAN,Laki-Laki,29981,102.14,6043.56
2023,JAKARTA UTARA,CILINCING,SEMPER TIMUR,Laki-Laki,23648,101.64,10548.84
2023,JAKARTA UTARA,CILINCING,KALIBARU,Laki-Laki,45707,104.7,18040.78
2023,JAKARTA UTARA,CILINCING,MARUNDA,Laki-Laki,20523,103.24,4993.19
2023,JAKARTA UTARA,CILINCING,SUKAPURA,Laki-Laki,34474,100.34,11960.89
2023,JAKARTA UTARA,CILINCING,CILINCING,Laki-Laki,30387,102.67,8242.87
2023,JAKARTA UTARA,KOJA,RAWA BADAK SELATAN,Laki-Laki,28070,103.3,27470.66
2023,JAKARTA UTARA,KOJA,TUGU SELATAN,Laki-Laki,26444,102.98,28081.05
2023,JAKARTA UTARA,KOJA,RAWA BADAK UTARA,Laki-Laki,22259,102.25,34894.25
2023,JAKARTA UTARA,KOJA,LAGOA,Laki-Laki,38450,101.16,48610.19
2023,JAKARTA UTARA,KOJA,TUGU UTARA,Laki-Laki,44296,100.94,36951.74
2023,JAKARTA UTARA,KOJA,KOJA,Laki-Laki,18168,106.49,13704.38
2023,JAKARTA UTARA,TANJUNG PRIOK,WARAKAS,Laki-Laki,28689,102.13,52438.1
2023,JAKARTA UTARA,TANJUNG PRIOK,SUNTER AGUNG,Laki-Laki,43645,97.69,16802.85
2023,JAKARTA UTARA,TANJUNG PRIOK,KEBON BAWANG,Laki-Laki,32010,102.19,36900.18
2023,JAKARTA UTARA,TANJUNG PRIOK,SUNGAI BAMBU,Laki-Laki,18941,102.88,15705.61
2023,JAKARTA UTARA,TANJUNG PRIOK,PAPANGGO,Laki-Laki,25375,101.63,16384.54
2023,JAKARTA UTARA,TANJUNG PRIOK,SUNTER JAYA,Laki-Laki,40370,100.78,15658.27
2023,JAKARTA UTARA,TANJUNG PRIOK,TANJUNG PRIOK,Laki-Laki,21854,102.23,11223.69
2023,JAKARTA UTARA,PENJARINGAN,PLUIT,Laki-Laki,29120,95.57,8158.22
2023,JAKARTA UTARA,PENJARINGAN,PEJAGALAN,Laki-Laki,45416,100.08,24678.31
2023,JAKARTA UTARA,PENJARINGAN,KAPUK MUARA,Laki-Laki,23872,100.87,5180.76
2023,JAKARTA UTARA,PENJARINGAN,KAMAL MUARA,Laki-Laki,9221,100.65,1179.4
2023,JAKARTA UTARA,PENJARINGAN,PENJARINGAN,Laki-Laki,59087,105.67,25404.2
2023,JAKARTA PUSAT,JOHAR BARU,TANAH TINGGI,Laki-Laki,23801,103.0,74664.73
2023,JAKARTA PUSAT,JOHAR BARU,GALUR,Laki-Laki,11317,105.38,82668.94
2023,JAKARTA PUSAT,JOHAR BARU,KAMPUNG RAWA,Laki-Laki,13385,102.62,87159.42
2023,JAKARTA PUSAT,JOHAR BARU,JOHAR BARU,Laki-Laki,22421,98.96,38547.89
2023,JAKARTA PUSAT,TANAH ABANG,KAMPUNG BALI,Laki-Laki,6612,99.09,18300.37
2023,JAKARTA PUSAT,TANAH ABANG,KEBON KACANG,Laki-Laki,13040,99.99,36010.17
2023,JAKARTA PUSAT,TANAH ABANG,KEBON MELATI,Laki-Laki,20074,102.61,31355.19
2023,JAKARTA PUSAT,TANAH ABANG,PETAMBURAN,Laki-Laki,20951,104.05,46677.87
2023,JAKARTA PUSAT,TANAH ABANG,KARET TENGSIN,Laki-Laki,12054,101.72,15651.49
